<?xml version="1.0" encoding="UTF-8"?>
<project-private xmlns="http://www.netbeans.org/ns/project-private/1">
    <editor-bookmarks xmlns="http://www.netbeans.org/ns/editor-bookmarks/2" lastBookmarkId="0"/>
    <open-files xmlns="http://www.netbeans.org/ns/projectui-open-files/2">
        <group>
            <file>file:/home/jeffley/NetBeansProjects/ColetadadosFrute/src/formularios/dpnDesk.java</file>
            <file>file:/home/jeffley/NetBeansProjects/ColetadadosFrute/src/formularios/MenuPrincipal.java</file>
            <file>file:/home/jeffley/NetBeansProjects/ColetadadosFrute/src/formularios/Sobre.java</file>
            <file>file:/home/jeffley/NetBeansProjects/ColetadadosFrute/src/Clases/Dados.java</file>
            <file>file:/home/jeffley/NetBeansProjects/ColetadadosFrute/src/formularios/frmUsuario.java</file>
            <file>file:/home/jeffley/NetBeansProjects/ColetadadosFrute/src/formularios/FruLogin.java</file>
            <file>file:/home/jeffley/NetBeansProjects/ColetadadosFrute/src/formularios/Projetos.java</file>
        </group>
    </open-files>
</project-private>
